{
    "project": {
        "info": {
            "name": "Hello",
            "title": "Hello World"
        }
    },
    "environments": [
        {
            "name": "browser"
        },
        {
            "name": "custom"
        },
        {
            "name": "rinkeby"
        },
        {
            "name": "ropsten"
        },
        {
            "name": "kovan"
        },
        {
            "name": "infuranet"
        },
        {
            "name": "mainnet"
        }
    ],
    "contracts": [
        {
            "source": "/contracts/HelloWorld.sol",
            "name": "HelloWorld",
            "args": [
                {
                    "value": "Hello World!"
                }
            ]
        }
    ],
    "wallets": [
        {
            "desc": "This is a wallet for local development",
            "name": "development"
        },
        {
            "desc": "A private wallet",
            "name": "private"
        },
        {
            "desc": "External wallet integrating with Metamask and other compatible wallets",
            "name": "external",
            "type": "external"
        }
    ],
    "accounts": [
        {
            "name": "Default",
            "_environments": [
                {
                    "name": "browser",
                    "data": {
                        "wallet": "development",
                        "index": 0
                    }
                },
                {
                    "name": "custom",
                    "data": {
                        "wallet": "private",
                        "index": 0
                    }
                },
                {
                    "name": "rinkeby",
                    "data": {
                        "wallet": "external",
                        "index": 0
                    }
                },
                {
                    "name": "ropsten",
                    "data": {
                        "wallet": "external",
                        "index": 0
                    }
                },
                {
                    "name": "kovan",
                    "data": {
                        "wallet": "external",
                        "index": 0
                    }
                },
                {
                    "name": "infuranet",
                    "data": {
                        "wallet": "external",
                        "index": 0
                    }
                },
                {
                    "name": "mainnet",
                    "data": {
                        "wallet": "external",
                        "index": 0
                    }
                }
            ]
        }
    ]
}
