{
    "project": {
        "info": {
            "name": "CryptoPizza",
            "title": "CryptoPizza"
        }
    },
    "environments": [
        {
            "name": "browser"
        },
        {
            "name": "custom"
        },
        {
            "name": "rinkeby"
        },
        {
            "name": "ropsten"
        },
        {
            "name": "kovan"
        },
        {
            "name": "mainnet"
        }
    ],
    "contracts": [
        {
            "source": "/contracts/CryptoPizza.sol",
            "name": "CryptoPizza",
            "args": []
        },
        {
            "source": "/contracts/EIPs/IERC165.sol",
            "name": "IERC165",
            "args": []
        },
        {
            "source": "/contracts/EIPs/ERC165.sol",
            "name": "ERC165",
            "args": []
        },
        {
            "source": "/contracts/EIPs/IERC721Receiver.sol",
            "name": "IERC721Receiver",
            "args": []
        },
        {
            "source": "/contracts/utils/SafeMath.sol",
            "name": "SafeMath",
            "args": []
        },
        {
            "source": "/contracts/EIPs/IERC721.sol",
            "name": "IERC721",
            "args": []
        }
    ],
    "wallets": [
        {
            "desc": "This is a wallet for local development",
            "name": "development"
        },
        {
            "desc": "A private wallet",
            "name": "private"
        },
        {
            "desc": "External wallet integrating with Metamask and other compatible wallets",
            "name": "external",
            "type": "external"
        }
    ],
    "accounts": [
        {
            "name": "Default",
            "_environments": [
                {
                    "name": "browser",
                    "data": {
                        "wallet": "development",
                        "index": 0
                    }
                },
                {
                    "name": "custom",
                    "data": {
                        "wallet": "private",
                        "index": 0
                    }
                },
                {
                    "name": "rinkeby",
                    "data": {
                        "wallet": "external",
                        "index": 0
                    }
                },
                {
                    "name": "ropsten",
                    "data": {
                        "wallet": "external",
                        "index": 0
                    }
                },
                {
                    "name": "kovan",
                    "data": {
                        "wallet": "external",
                        "index": 0
                    }
                },
                {
                    "name": "mainnet",
                    "data": {
                        "wallet": "external",
                        "index": 0
                    }
                }
            ]
        },
        {
            "name": "TestAccount",
            "address": "0x0",
            "_environments": [
                {
                    "name": "browser",
                    "data": {
                        "wallet": "development",
                        "index": 2
                    }
                },
                {
                    "name": "custom",
                    "data": {
                        "wallet": "private",
                        "index": 2
                    }
                }
            ]
        }
    ]
}
